option1,option2,option3,option4
acé,inu,ihcmerwed ,sbi
rabounie,robego,alucell,woolblue
kerckhaaf ,enito,antent,samac
zius,vandbergen,coortmij,kasunie
heesius,akzonlood,vistalloyd,derkamp
ihcmerwed ,acé,akzonlood,heesius
coortmij,rabounie,zius,sbi
robego,derkamp,enito,kerckhaaf 
samac,alucell,vandbergen,antent
woolblue,kasunie,vistalloyd,inu
inu,woolblue,zius,kerckhaaf 
derkamp,antent,robego,heesius
sbi,kasunie,alucell,enito
rabounie,vistalloyd,akzonlood,vandbergen
acé,samac,coortmij,ihcmerwed 
sbi,acé,vistalloyd,woolblue
rabounie,heesius,vandbergen,ihcmerwed 
derkamp,samac,akzonlood,zius
alucell,kerckhaaf ,inu,coortmij
antent,robego,kasunie,enito
inu,enito,kasunie,vandbergen
kerckhaaf ,ihcmerwed ,vistalloyd,zius
samac,woolblue,heesius,rabounie
coortmij,akzonlood,robego,acé
antent,alucell,sbi,derkamp
alucell,ihcmerwed ,rabounie,kasunie
coortmij,vandbergen,inu,samac
antent,vistalloyd,kerckhaaf ,acé
woolblue,enito,robego,sbi
zius,heesius,akzonlood,derkamp
samac,robego,heesius,kerckhaaf 
vandbergen,akzonlood,enito,coortmij
antent,kasunie,acé,woolblue
inu,derkamp,vistalloyd,alucell
ihcmerwed ,zius,sbi,rabounie
enito,sbi,alucell,akzonlood
kerckhaaf ,inu,antent,acé
heesius,samac,vistalloyd,vandbergen
ihcmerwed ,woolblue,coortmij,derkamp
kasunie,rabounie,robego,zius
heesius,woolblue,samac,ihcmerwed 
robego,akzonlood,vandbergen,sbi
coortmij,kasunie,vistalloyd,derkamp
zius,acé,kerckhaaf ,alucell
antent,rabounie,enito,inu
kerckhaaf ,zius,antent,inu
enito,acé,derkamp,rabounie
heesius,vistalloyd,samac,coortmij
vandbergen,woolblue,alucell,robego
akzonlood,sbi,ihcmerwed ,kasunie
vistalloyd,woolblue,sbi,kasunie
akzonlood,inu,samac,coortmij
alucell,ihcmerwed ,derkamp,acé
robego,kerckhaaf ,enito,heesius
rabounie,antent,vandbergen,zius
woolblue,alucell,heesius,acé
kerckhaaf ,zius,vandbergen,rabounie
robego,samac,coortmij,akzonlood
vistalloyd,inu,sbi,derkamp
antent,kasunie,ihcmerwed ,enito
kasunie,samac,alucell,sbi
kerckhaaf ,coortmij,zius,derkamp
robego,ihcmerwed ,inu,vandbergen
rabounie,antent,woolblue,akzonlood
enito,acé,vistalloyd,heesius
vandbergen,ihcmerwed ,woolblue,enito
robego,samac,inu,acé
kerckhaaf ,alucell,rabounie,derkamp
coortmij,heesius,antent,vistalloyd
sbi,zius,kasunie,akzonlood
woolblue,ihcmerwed ,kasunie,acé
akzonlood,alucell,heesius,derkamp
sbi,enito,inu,samac
vistalloyd,coortmij,zius,kerckhaaf 
antent,vandbergen,rabounie,robego
coortmij,alucell,samac,kerckhaaf 
akzonlood,kasunie,vistalloyd,zius
acé,vandbergen,ihcmerwed ,inu
rabounie,sbi,woolblue,antent
enito,heesius,robego,derkamp
alucell,derkamp,akzonlood,antent
vandbergen,kasunie,inu,kerckhaaf 
robego,enito,samac,coortmij
woolblue,vistalloyd,sbi,acé
heesius,ihcmerwed ,rabounie,zius
vandbergen,samac,akzonlood,robego
antent,derkamp,rabounie,ihcmerwed 
woolblue,sbi,vistalloyd,alucell
acé,coortmij,kasunie,inu
heesius,kerckhaaf ,enito,zius
kasunie,ihcmerwed ,woolblue,vandbergen
inu,enito,robego,akzonlood
derkamp,heesius,vistalloyd,samac
kerckhaaf ,antent,sbi,zius
acé,rabounie,alucell,coortmij
derkamp,robego,alucell,rabounie
samac,zius,coortmij,ihcmerwed 
inu,kasunie,kerckhaaf ,sbi
woolblue,akzonlood,vistalloyd,antent
vandbergen,heesius,acé,enito
acé,samac,coortmij,kerckhaaf 
robego,inu,antent,kasunie
vistalloyd,heesius,zius,enito
alucell,derkamp,ihcmerwed ,vandbergen
akzonlood,sbi,woolblue,rabounie
kasunie,antent,zius,vandbergen
akzonlood,acé,derkamp,robego
sbi,coortmij,inu,vistalloyd
woolblue,samac,alucell,kerckhaaf 
enito,heesius,rabounie,ihcmerwed 
enito,kerckhaaf ,zius,samac
coortmij,robego,alucell,woolblue
sbi,ihcmerwed ,vandbergen,akzonlood
derkamp,inu,heesius,antent
vistalloyd,rabounie,acé,kasunie
zius,enito,kasunie,robego
samac,sbi,rabounie,derkamp
alucell,woolblue,kerckhaaf ,heesius
akzonlood,acé,vistalloyd,inu
coortmij,ihcmerwed ,vandbergen,antent
inu,robego,vistalloyd,zius
vandbergen,woolblue,antent,samac
kerckhaaf ,coortmij,enito,alucell
akzonlood,acé,sbi,kasunie
derkamp,rabounie,heesius,ihcmerwed 
inu,vandbergen,vistalloyd,sbi
samac,acé,kerckhaaf ,kasunie
ihcmerwed ,akzonlood,coortmij,woolblue
heesius,zius,enito,antent
derkamp,robego,rabounie,alucell
acé,robego,vandbergen,inu
kasunie,zius,derkamp,samac
ihcmerwed ,alucell,sbi,heesius
enito,kerckhaaf ,vistalloyd,akzonlood
coortmij,antent,rabounie,woolblue
samac,ihcmerwed ,acé,vistalloyd
zius,heesius,kasunie,vandbergen
antent,rabounie,robego,coortmij
alucell,sbi,derkamp,woolblue
enito,akzonlood,inu,kerckhaaf 
enito,acé,zius,samac
sbi,kasunie,robego,derkamp
kerckhaaf ,vandbergen,coortmij,vistalloyd
inu,alucell,rabounie,akzonlood
antent,heesius,ihcmerwed ,woolblue
rabounie,alucell,akzonlood,acé
robego,kasunie,vistalloyd,vandbergen
samac,antent,coortmij,heesius
sbi,ihcmerwed ,woolblue,zius
enito,kerckhaaf ,derkamp,inu
sbi,kerckhaaf ,kasunie,robego
ihcmerwed ,derkamp,vistalloyd,zius
coortmij,heesius,rabounie,akzonlood
acé,inu,enito,woolblue
alucell,vandbergen,samac,antent
akzonlood,kerckhaaf ,woolblue,ihcmerwed 
robego,coortmij,heesius,kasunie
derkamp,sbi,rabounie,alucell
inu,enito,vandbergen,acé
antent,zius,vistalloyd,samac
